,mse,mae,r2
RandomForest,412.3670415203295,12.891980621401839,0.9602407087151873
DecisionTree,816.0433591141424,18.25662432013423,0.9213193530296803
SGDRegressor,1541.4832347326426,25.602968271714417,0.8513744437129829
LinearRegression,1570.5282132613197,25.7716664956636,0.848574007098492
